<annotation>
	<folder>images</folder>
	<filename>12Cute-Puppies--564x460.jpg</filename>
	<path>C:\yolo pysource\yolo_custom_detection\images\12Cute-Puppies--564x460.jpg</path>
	<source>
		<database>Unknown</database>
	</source>
	<size>
		<width>564</width>
		<height>460</height>
		<depth>3</depth>
	</size>
	<segmented>0</segmented>
	<object>
		<name>dog</name>
		<pose>Unspecified</pose>
		<truncated>1</truncated>
		<difficult>0</difficult>
		<bndbox>
			<xmin>84</xmin>
			<ymin>75</ymin>
			<xmax>564</xmax>
			<ymax>456</ymax>
		</bndbox>
	</object>
</annotation>
