<annotation>
	<folder>images</folder>
	<filename>1521744674350.jpeg</filename>
	<path>C:\yolo pysource\yolo_custom_detection\images\1521744674350.jpeg</path>
	<source>
		<database>Unknown</database>
	</source>
	<size>
		<width>966</width>
		<height>725</height>
		<depth>3</depth>
	</size>
	<segmented>0</segmented>
	<object>
		<name>dog</name>
		<pose>Unspecified</pose>
		<truncated>0</truncated>
		<difficult>0</difficult>
		<bndbox>
			<xmin>319</xmin>
			<ymin>147</ymin>
			<xmax>647</xmax>
			<ymax>645</ymax>
		</bndbox>
	</object>
</annotation>
