<annotation>
	<folder>images</folder>
	<filename>390975.jpg</filename>
	<path>C:\yolo pysource\yolo_custom_detection\images\390975.jpg</path>
	<source>
		<database>Unknown</database>
	</source>
	<size>
		<width>1024</width>
		<height>768</height>
		<depth>3</depth>
	</size>
	<segmented>0</segmented>
	<object>
		<name>dog</name>
		<pose>Unspecified</pose>
		<truncated>0</truncated>
		<difficult>0</difficult>
		<bndbox>
			<xmin>88</xmin>
			<ymin>121</ymin>
			<xmax>710</xmax>
			<ymax>702</ymax>
		</bndbox>
	</object>
</annotation>
