<annotation>
	<folder>images</folder>
	<filename>3amklwslgwq21.jpg</filename>
	<path>C:\yolo pysource\yolo_custom_detection\images\3amklwslgwq21.jpg</path>
	<source>
		<database>Unknown</database>
	</source>
	<size>
		<width>1440</width>
		<height>1338</height>
		<depth>3</depth>
	</size>
	<segmented>0</segmented>
	<object>
		<name>dog</name>
		<pose>Unspecified</pose>
		<truncated>0</truncated>
		<difficult>0</difficult>
		<bndbox>
			<xmin>105</xmin>
			<ymin>90</ymin>
			<xmax>734</xmax>
			<ymax>1302</ymax>
		</bndbox>
	</object>
	<object>
		<name>dog</name>
		<pose>Unspecified</pose>
		<truncated>1</truncated>
		<difficult>0</difficult>
		<bndbox>
			<xmin>587</xmin>
			<ymin>26</ymin>
			<xmax>1436</xmax>
			<ymax>1338</ymax>
		</bndbox>
	</object>
</annotation>
