<annotation>
	<folder>images</folder>
	<filename>5-1.jpg</filename>
	<path>C:\yolo pysource\yolo_custom_detection\images\5-1.jpg</path>
	<source>
		<database>Unknown</database>
	</source>
	<size>
		<width>480</width>
		<height>360</height>
		<depth>3</depth>
	</size>
	<segmented>0</segmented>
	<object>
		<name>dog</name>
		<pose>Unspecified</pose>
		<truncated>1</truncated>
		<difficult>0</difficult>
		<bndbox>
			<xmin>72</xmin>
			<ymin>26</ymin>
			<xmax>480</xmax>
			<ymax>331</ymax>
		</bndbox>
	</object>
</annotation>
