<annotation>
	<folder>images</folder>
	<filename>85852-puppies-cute-funny-puppy.jpg</filename>
	<path>C:\yolo pysource\yolo_custom_detection\images\85852-puppies-cute-funny-puppy.jpg</path>
	<source>
		<database>Unknown</database>
	</source>
	<size>
		<width>480</width>
		<height>360</height>
		<depth>3</depth>
	</size>
	<segmented>0</segmented>
	<object>
		<name>dog</name>
		<pose>Unspecified</pose>
		<truncated>0</truncated>
		<difficult>0</difficult>
		<bndbox>
			<xmin>11</xmin>
			<ymin>53</ymin>
			<xmax>454</xmax>
			<ymax>311</ymax>
		</bndbox>
	</object>
</annotation>
