<annotation>
	<folder>images</folder>
	<filename>952a04ea85a8d1b0134516c52198745e.jpg</filename>
	<path>C:\yolo pysource\yolo_custom_detection\images\952a04ea85a8d1b0134516c52198745e.jpg</path>
	<source>
		<database>Unknown</database>
	</source>
	<size>
		<width>483</width>
		<height>720</height>
		<depth>3</depth>
	</size>
	<segmented>0</segmented>
	<object>
		<name>dog</name>
		<pose>Unspecified</pose>
		<truncated>1</truncated>
		<difficult>0</difficult>
		<bndbox>
			<xmin>1</xmin>
			<ymin>53</ymin>
			<xmax>454</xmax>
			<ymax>710</ymax>
		</bndbox>
	</object>
</annotation>
