<annotation>
	<folder>images</folder>
	<filename>AMjTNO3t_400x400.jpg</filename>
	<path>C:\yolo pysource\yolo_custom_detection\images\AMjTNO3t_400x400.jpg</path>
	<source>
		<database>Unknown</database>
	</source>
	<size>
		<width>400</width>
		<height>400</height>
		<depth>3</depth>
	</size>
	<segmented>0</segmented>
	<object>
		<name>dog</name>
		<pose>Unspecified</pose>
		<truncated>1</truncated>
		<difficult>0</difficult>
		<bndbox>
			<xmin>4</xmin>
			<ymin>2</ymin>
			<xmax>400</xmax>
			<ymax>385</ymax>
		</bndbox>
	</object>
</annotation>
