<annotation>
	<folder>images</folder>
	<filename>baby-animals-cute-puppies-doing-277x156.jpg</filename>
	<path>C:\yolo pysource\yolo_custom_detection\images\baby-animals-cute-puppies-doing-277x156.jpg</path>
	<source>
		<database>Unknown</database>
	</source>
	<size>
		<width>277</width>
		<height>156</height>
		<depth>3</depth>
	</size>
	<segmented>0</segmented>
	<object>
		<name>dog</name>
		<pose>Unspecified</pose>
		<truncated>0</truncated>
		<difficult>0</difficult>
		<bndbox>
			<xmin>22</xmin>
			<ymin>3</ymin>
			<xmax>223</xmax>
			<ymax>148</ymax>
		</bndbox>
	</object>
</annotation>
