<annotation>
	<folder>images</folder>
	<filename>beagle2_cute_puppies.jpg</filename>
	<path>C:\yolo pysource\yolo_custom_detection\images\beagle2_cute_puppies.jpg</path>
	<source>
		<database>Unknown</database>
	</source>
	<size>
		<width>600</width>
		<height>400</height>
		<depth>3</depth>
	</size>
	<segmented>0</segmented>
	<object>
		<name>dog</name>
		<pose>Unspecified</pose>
		<truncated>0</truncated>
		<difficult>0</difficult>
		<bndbox>
			<xmin>151</xmin>
			<ymin>22</ymin>
			<xmax>456</xmax>
			<ymax>386</ymax>
		</bndbox>
	</object>
</annotation>
