<annotation>
	<folder>images</folder>
	<filename>Blakeney-Clouse-Custom-blakeneyc.com_.jpg</filename>
	<path>C:\yolo pysource\yolo_custom_detection\images\Blakeney-Clouse-Custom-blakeneyc.com_.jpg</path>
	<source>
		<database>Unknown</database>
	</source>
	<size>
		<width>2048</width>
		<height>1365</height>
		<depth>3</depth>
	</size>
	<segmented>0</segmented>
	<object>
		<name>dog</name>
		<pose>Unspecified</pose>
		<truncated>1</truncated>
		<difficult>0</difficult>
		<bndbox>
			<xmin>562</xmin>
			<ymin>286</ymin>
			<xmax>1364</xmax>
			<ymax>1365</ymax>
		</bndbox>
	</object>
</annotation>
