<annotation>
	<folder>images</folder>
	<filename>c931148c-7c5e-47aa-91fd-8f9bb07c07e7-PETS_13789JPG.jpg</filename>
	<path>C:\yolo pysource\yolo_custom_detection\images\c931148c-7c5e-47aa-91fd-8f9bb07c07e7-PETS_13789JPG.jpg</path>
	<source>
		<database>Unknown</database>
	</source>
	<size>
		<width>3900</width>
		<height>2851</height>
		<depth>3</depth>
	</size>
	<segmented>0</segmented>
	<object>
		<name>dog</name>
		<pose>Unspecified</pose>
		<truncated>0</truncated>
		<difficult>0</difficult>
		<bndbox>
			<xmin>809</xmin>
			<ymin>194</ymin>
			<xmax>2687</xmax>
			<ymax>2777</ymax>
		</bndbox>
	</object>
</annotation>
