<annotation>
	<folder>images</folder>
	<filename>cartoon-mother-dog-with-her-cute-puppies-vector-clip-art_csp57799716.jpg</filename>
	<path>C:\yolo pysource\yolo_custom_detection\images\cartoon-mother-dog-with-her-cute-puppies-vector-clip-art_csp57799716.jpg</path>
	<source>
		<database>Unknown</database>
	</source>
	<size>
		<width>413</width>
		<height>470</height>
		<depth>3</depth>
	</size>
	<segmented>0</segmented>
	<object>
		<name>dog</name>
		<pose>Unspecified</pose>
		<truncated>0</truncated>
		<difficult>0</difficult>
		<bndbox>
			<xmin>4</xmin>
			<ymin>236</ymin>
			<xmax>138</xmax>
			<ymax>397</ymax>
		</bndbox>
	</object>
	<object>
		<name>dog</name>
		<pose>Unspecified</pose>
		<truncated>1</truncated>
		<difficult>0</difficult>
		<bndbox>
			<xmin>48</xmin>
			<ymin>3</ymin>
			<xmax>373</xmax>
			<ymax>470</ymax>
		</bndbox>
	</object>
	<object>
		<name>dog</name>
		<pose>Unspecified</pose>
		<truncated>0</truncated>
		<difficult>0</difficult>
		<bndbox>
			<xmin>219</xmin>
			<ymin>169</ymin>
			<xmax>350</xmax>
			<ymax>292</ymax>
		</bndbox>
	</object>
	<object>
		<name>dog</name>
		<pose>Unspecified</pose>
		<truncated>1</truncated>
		<difficult>0</difficult>
		<bndbox>
			<xmin>305</xmin>
			<ymin>279</ymin>
			<xmax>413</xmax>
			<ymax>419</ymax>
		</bndbox>
	</object>
</annotation>
