<annotation>
	<folder>images</folder>
	<filename>cavalier-king-charles-spaniel-puppies-with-blenheim-coat-aged-6-weeks-sitting-in-front-of-flowers-W8591F.jpg</filename>
	<path>C:\yolo pysource\yolo_custom_detection\images\cavalier-king-charles-spaniel-puppies-with-blenheim-coat-aged-6-weeks-sitting-in-front-of-flowers-W8591F.jpg</path>
	<source>
		<database>Unknown</database>
	</source>
	<size>
		<width>1300</width>
		<height>956</height>
		<depth>3</depth>
	</size>
	<segmented>0</segmented>
	<object>
		<name>dog</name>
		<pose>Unspecified</pose>
		<truncated>0</truncated>
		<difficult>0</difficult>
		<bndbox>
			<xmin>79</xmin>
			<ymin>235</ymin>
			<xmax>388</xmax>
			<ymax>768</ymax>
		</bndbox>
	</object>
	<object>
		<name>dog</name>
		<pose>Unspecified</pose>
		<truncated>0</truncated>
		<difficult>0</difficult>
		<bndbox>
			<xmin>395</xmin>
			<ymin>242</ymin>
			<xmax>669</xmax>
			<ymax>752</ymax>
		</bndbox>
	</object>
	<object>
		<name>dog</name>
		<pose>Unspecified</pose>
		<truncated>0</truncated>
		<difficult>0</difficult>
		<bndbox>
			<xmin>666</xmin>
			<ymin>256</ymin>
			<xmax>904</xmax>
			<ymax>741</ymax>
		</bndbox>
	</object>
	<object>
		<name>dog</name>
		<pose>Unspecified</pose>
		<truncated>0</truncated>
		<difficult>0</difficult>
		<bndbox>
			<xmin>904</xmin>
			<ymin>256</ymin>
			<xmax>1235</xmax>
			<ymax>727</ymax>
		</bndbox>
	</object>
</annotation>
