<annotation>
	<folder>images</folder>
	<filename>ce53c5bcd350ba856e5c53c343376fb2.jpg</filename>
	<path>C:\yolo pysource\yolo_custom_detection\images\ce53c5bcd350ba856e5c53c343376fb2.jpg</path>
	<source>
		<database>Unknown</database>
	</source>
	<size>
		<width>640</width>
		<height>640</height>
		<depth>3</depth>
	</size>
	<segmented>0</segmented>
	<object>
		<name>dog</name>
		<pose>Unspecified</pose>
		<truncated>1</truncated>
		<difficult>0</difficult>
		<bndbox>
			<xmin>118</xmin>
			<ymin>2</ymin>
			<xmax>524</xmax>
			<ymax>640</ymax>
		</bndbox>
	</object>
</annotation>
