<annotation>
	<folder>images</folder>
	<filename>chow-chow-puppy.jpg</filename>
	<path>C:\yolo pysource\yolo_custom_detection\images\chow-chow-puppy.jpg</path>
	<source>
		<database>Unknown</database>
	</source>
	<size>
		<width>2121</width>
		<height>1414</height>
		<depth>3</depth>
	</size>
	<segmented>0</segmented>
	<object>
		<name>dog</name>
		<pose>Unspecified</pose>
		<truncated>0</truncated>
		<difficult>0</difficult>
		<bndbox>
			<xmin>633</xmin>
			<ymin>2</ymin>
			<xmax>1735</xmax>
			<ymax>1253</ymax>
		</bndbox>
	</object>
</annotation>
