<annotation>
	<folder>images</folder>
	<filename>corgi-dog-puppies.jpg</filename>
	<path>C:\yolo pysource\yolo_custom_detection\images\corgi-dog-puppies.jpg</path>
	<source>
		<database>Unknown</database>
	</source>
	<size>
		<width>2121</width>
		<height>1414</height>
		<depth>3</depth>
	</size>
	<segmented>0</segmented>
	<object>
		<name>dog</name>
		<pose>Unspecified</pose>
		<truncated>0</truncated>
		<difficult>0</difficult>
		<bndbox>
			<xmin>228</xmin>
			<ymin>565</ymin>
			<xmax>758</xmax>
			<ymax>1325</ymax>
		</bndbox>
	</object>
	<object>
		<name>dog</name>
		<pose>Unspecified</pose>
		<truncated>0</truncated>
		<difficult>0</difficult>
		<bndbox>
			<xmin>786</xmin>
			<ymin>613</ymin>
			<xmax>1212</xmax>
			<ymax>1341</ymax>
		</bndbox>
	</object>
	<object>
		<name>dog</name>
		<pose>Unspecified</pose>
		<truncated>0</truncated>
		<difficult>0</difficult>
		<bndbox>
			<xmin>1182</xmin>
			<ymin>190</ymin>
			<xmax>1942</xmax>
			<ymax>1320</ymax>
		</bndbox>
	</object>
</annotation>
