<annotation>
	<folder>images</folder>
	<filename>Cute-Puppies-_blucheese-Sullyburger-com.jpg</filename>
	<path>C:\yolo pysource\yolo_custom_detection\images\Cute-Puppies-_blucheese-Sullyburger-com.jpg</path>
	<source>
		<database>Unknown</database>
	</source>
	<size>
		<width>800</width>
		<height>800</height>
		<depth>3</depth>
	</size>
	<segmented>0</segmented>
	<object>
		<name>dog</name>
		<pose>Unspecified</pose>
		<truncated>1</truncated>
		<difficult>0</difficult>
		<bndbox>
			<xmin>170</xmin>
			<ymin>1</ymin>
			<xmax>716</xmax>
			<ymax>772</ymax>
		</bndbox>
	</object>
</annotation>
