<annotation>
	<folder>images</folder>
	<filename>cute-puppies-doing-funny-things-277x156.jpg</filename>
	<path>C:\yolo pysource\yolo_custom_detection\images\cute-puppies-doing-funny-things-277x156.jpg</path>
	<source>
		<database>Unknown</database>
	</source>
	<size>
		<width>277</width>
		<height>156</height>
		<depth>3</depth>
	</size>
	<segmented>0</segmented>
	<object>
		<name>dog</name>
		<pose>Unspecified</pose>
		<truncated>0</truncated>
		<difficult>0</difficult>
		<bndbox>
			<xmin>14</xmin>
			<ymin>2</ymin>
			<xmax>92</xmax>
			<ymax>143</ymax>
		</bndbox>
	</object>
	<object>
		<name>dog</name>
		<pose>Unspecified</pose>
		<truncated>0</truncated>
		<difficult>0</difficult>
		<bndbox>
			<xmin>81</xmin>
			<ymin>24</ymin>
			<xmax>135</xmax>
			<ymax>121</ymax>
		</bndbox>
	</object>
	<object>
		<name>dog</name>
		<pose>Unspecified</pose>
		<truncated>1</truncated>
		<difficult>0</difficult>
		<bndbox>
			<xmin>158</xmin>
			<ymin>2</ymin>
			<xmax>277</xmax>
			<ymax>145</ymax>
		</bndbox>
	</object>
</annotation>
