<annotation>
	<folder>images</folder>
	<filename>cute-dog-panda-puppies-2.jpg</filename>
	<path>C:\yolo pysource\yolo_custom_detection\images\cute-dog-panda-puppies-2.jpg</path>
	<source>
		<database>Unknown</database>
	</source>
	<size>
		<width>880</width>
		<height>634</height>
		<depth>3</depth>
	</size>
	<segmented>0</segmented>
	<object>
		<name>dog</name>
		<pose>Unspecified</pose>
		<truncated>0</truncated>
		<difficult>0</difficult>
		<bndbox>
			<xmin>145</xmin>
			<ymin>110</ymin>
			<xmax>827</xmax>
			<ymax>580</ymax>
		</bndbox>
	</object>
</annotation>
