<annotation>
	<folder>images</folder>
	<filename>cute-puppies-7.jpg</filename>
	<path>C:\yolo pysource\yolo_custom_detection\images\cute-puppies-7.jpg</path>
	<source>
		<database>Unknown</database>
	</source>
	<size>
		<width>800</width>
		<height>599</height>
		<depth>3</depth>
	</size>
	<segmented>0</segmented>
	<object>
		<name>dog</name>
		<pose>Unspecified</pose>
		<truncated>0</truncated>
		<difficult>0</difficult>
		<bndbox>
			<xmin>354</xmin>
			<ymin>64</ymin>
			<xmax>737</xmax>
			<ymax>362</ymax>
		</bndbox>
	</object>
</annotation>
