<annotation>
	<folder>images</folder>
	<filename>Cute-Pictures-Puppies0.jpg</filename>
	<path>C:\yolo pysource\yolo_custom_detection\images\Cute-Pictures-Puppies0.jpg</path>
	<source>
		<database>Unknown</database>
	</source>
	<size>
		<width>728</width>
		<height>471</height>
		<depth>3</depth>
	</size>
	<segmented>0</segmented>
	<object>
		<name>dog</name>
		<pose>Unspecified</pose>
		<truncated>1</truncated>
		<difficult>0</difficult>
		<bndbox>
			<xmin>279</xmin>
			<ymin>136</ymin>
			<xmax>555</xmax>
			<ymax>471</ymax>
		</bndbox>
	</object>
</annotation>
