<annotation>
	<folder>images</folder>
	<filename>Cute-Pictures-Puppies.jpg</filename>
	<path>C:\yolo pysource\yolo_custom_detection\images\Cute-Pictures-Puppies.jpg</path>
	<source>
		<database>Unknown</database>
	</source>
	<size>
		<width>2048</width>
		<height>1365</height>
		<depth>3</depth>
	</size>
	<segmented>0</segmented>
	<object>
		<name>dog</name>
		<pose>Unspecified</pose>
		<truncated>1</truncated>
		<difficult>0</difficult>
		<bndbox>
			<xmin>840</xmin>
			<ymin>262</ymin>
			<xmax>2048</xmax>
			<ymax>1347</ymax>
		</bndbox>
	</object>
</annotation>
