<annotation>
	<folder>images</folder>
	<filename>cute-puppies-pomeranian-mixed-breed-pekingese-dog-run-grass-with-happiness_34266-1113.jpg</filename>
	<path>C:\yolo pysource\yolo_custom_detection\images\cute-puppies-pomeranian-mixed-breed-pekingese-dog-run-grass-with-happiness_34266-1113.jpg</path>
	<source>
		<database>Unknown</database>
	</source>
	<size>
		<width>626</width>
		<height>417</height>
		<depth>3</depth>
	</size>
	<segmented>0</segmented>
	<object>
		<name>dog</name>
		<pose>Unspecified</pose>
		<truncated>0</truncated>
		<difficult>0</difficult>
		<bndbox>
			<xmin>115</xmin>
			<ymin>48</ymin>
			<xmax>426</xmax>
			<ymax>358</ymax>
		</bndbox>
	</object>
</annotation>
